<Theme>
	<ThemeInfo>
		<Name>Light</Name>
		<ThemeMasterVersion>beta_0.1</ThemeMasterVersion>
		<Developer>Aleksander Resetnikov (SANE5K)</Developer>
		<Description>The theme of the main set of themes for FreeIDE.</Description>
		<License>$none$</License><!-->$none$ - The license is missing or not specified.<-->
		
		<DeveloperLink LinkType="GitHub">https://github.com/aleksandrresetnikov</DeveloperLink>
		<DeveloperLink LinkType="Youtube">https://www.youtube.com/channel/UCjgr-p3YwXIyTe4McLD6FoA</DeveloperLink>
	</ThemeInfo>

	<Name>Light</Name>
	<Color1 Type="Str">White</Color1>
	<Color2 Type="Hex">#eeeef2</Color2>
	<Color3 Type="Str">Black</Color3>
	<ForeColor1 Type="Str">Black</ForeColor1>
	<ForeColor2 Type="Str">Black</ForeColor2>
	<ForeColor3 Type="Str">WhiteSmoke</ForeColor3>
	
	<ButtonClose_MouseOverBackColor Type="Str">Tomato</ButtonClose_MouseOverBackColor>
	<WindowStateButtonsForeColor Type="Str">Black</WindowStateButtonsForeColor>
	<TitleLabelForeColor Type="Str">Black</TitleLabelForeColor>
	
	<BorderColor Type="Hex">#0062a3</BorderColor>
	<HeaderBackColor Type="Hex">#eeeef2</HeaderBackColor>
	<ColorHeaderUnderline Type="Hex">#0062a3</ColorHeaderUnderline>
	
	<Borders1Color Type="Hex">#0062a3</Borders1Color>
	<Borders2Color Type="Hex">#0062a3</Borders2Color>
	<Borders3Color Type="Hex">#0062a3</Borders3Color>
	
	<BorderHeight>2</BorderHeight>
	<HeaderHeight>26</HeaderHeight>
	<IconHeight>20</IconHeight>
	<IconPaddingX>2</IconPaddingX>
	<IconPaddingY>4</IconPaddingY>
	<WidthHeaderUnderline>2</WidthHeaderUnderline>
	
	<Borders1Height>2</Borders1Height>
	<Borders2Height>0</Borders2Height>
	<Borders3Height>0</Borders3Height>
	
	<MenuStrip_TitlebarSize>3</MenuStrip_TitlebarSize>
	<MenuStrip_TitlebarColor Type="Hex">#0062a3</MenuStrip_TitlebarColor>
	<MenuStrip_MainColor Type="Hex">#eeeef2</MenuStrip_MainColor>
	<MenuStrip_ItemSelectedColor Type="Str">WhiteSmoke</MenuStrip_ItemSelectedColor>
	<MenuStrip_ItemForeColor Type="Str">Black</MenuStrip_ItemForeColor>
	
	<TextBox_BookmarkColor Type="Str">PowderBlue</TextBox_BookmarkColor>
	<TextBox_LineNumberColor Type="Str">Teal</TextBox_LineNumberColor>
	<TextBox_IndentBackColor Type="Str">White</TextBox_IndentBackColor>
	<TextBox_SelectionColor Type="Str">DarkGreen</TextBox_SelectionColor>
	<TextBox_PaddingBackColor Type="Str">Transparent</TextBox_PaddingBackColor>
	<TextBox_ChangedLineColor Type="Str">Transparent</TextBox_ChangedLineColor>
	<TextBox_CurrentLineColor Type="Str">Transparent</TextBox_CurrentLineColor>
	<TextBox_TextAreaBorderColor Type="Str">Black</TextBox_TextAreaBorderColor>
	
	<TextBox_ServiceColors ThemeMasterTag="ServiceColors">
		<CollapseMarkerForeColor Type="Str">Silver</CollapseMarkerForeColor>
		<CollapseMarkerBackColor Type="Str">White</CollapseMarkerBackColor>
		<CollapseMarkerBorderColor Type="Str">Silver</CollapseMarkerBorderColor>
		
		<ExpandMarkerForeColor Type="Str">Tomato</ExpandMarkerForeColor>
		<ExpandMarkerBackColor Type="Str">White</ExpandMarkerBackColor>
		<ExpandMarkerBorderColor Type="Str">Silver</ExpandMarkerBorderColor>
	</TextBox_ServiceColors>
</Theme>